paperpaper,paperrock,paperscissors,rockpaper,rockrock,rockscissors,scissorspaper,scissorsrock,scissorsscissors
0.4,0.5,0.5,0.23076923076923078,0.3333333333333333,0.21428571428571427,0.3333333333333333,0.3333333333333333,0.2727272727272727
0.3,0.25,0.25,0.5384615384615384,0.3333333333333333,0.5714285714285714,0.3333333333333333,0.3333333333333333,0.2727272727272727
0.3,0.25,0.25,0.23076923076923078,0.3333333333333333,0.21428571428571427,0.3333333333333333,0.3333333333333333,0.45454545454545453
